product_name,specs,category,new_title,new_description
Wireless Bluetooth Earbuds,"Bluetooth 5.3, 30hr battery, touch control, IPX7 waterproof",Electronics,Wireless Bluetooth Earbuds - Bluetooth 5.3 | Electronics,"Upgrade your routine with the Wireless Bluetooth Earbuds, built with bluetooth 5.3, 30hr battery, touch control, ipx7 waterproof. A reliable choice in electronics designed for everyday use."
Stainless Steel Water Bottle,"750ml capacity, double-wall insulated, keeps cold 24hrs",Home & Kitchen,Stainless Steel Water Bottle - 750ml capacity | Home & Kitch,"Upgrade your routine with the Stainless Steel Water Bottle, built with 750ml capacity, double-wall insulated, keeps cold 24hrs. A reliable choice in home & kitchen designed for everyday use."
Ergonomic Office Chair,"Mesh back, adjustable lumbar support, 360 swivel",Furniture,Ergonomic Office Chair - Mesh back | Furniture,"Upgrade your routine with the Ergonomic Office Chair, built with mesh back, adjustable lumbar support, 360 swivel. A reliable choice in furniture designed for everyday use."
Kids Digital Learning Tablet,"7 inch screen, parental controls, 50+ preloaded apps",Toys & Games,Kids Digital Learning Tablet - 7 inch screen | Toys & Games,"Upgrade your routine with the Kids Digital Learning Tablet, built with 7 inch screen, parental controls, 50+ preloaded apps. A reliable choice in toys & games designed for everyday use."
Non-Stick Frying Pan Set,"3-piece set, aluminum body, PFOA free coating",Home & Kitchen,Non-Stick Frying Pan Set - 3-piece set | Home & Kitchen,"Upgrade your routine with the Non-Stick Frying Pan Set, built with 3-piece set, aluminum body, pfoa free coating. A reliable choice in home & kitchen designed for everyday use."
Running Shoes Men,"Lightweight mesh upper, cushioned sole, breathable",Sports & Outdoors,Running Shoes Men - Lightweight mesh upper | Sports & Outdoo,"Upgrade your routine with the Running Shoes Men, built with lightweight mesh upper, cushioned sole, breathable. A reliable choice in sports & outdoors designed for everyday use."
LED Desk Lamp,"Touch dimmer, 3 color modes, USB rechargeable",Office Products,LED Desk Lamp - Touch dimmer | Office Products,"Upgrade your routine with the LED Desk Lamp, built with touch dimmer, 3 color modes, usb rechargeable. A reliable choice in office products designed for everyday use."
Yoga Mat Non-Slip,"6mm thickness, eco-friendly TPE material, carry strap included",Sports & Outdoors,Yoga Mat Non-Slip - 6mm thickness | Sports & Outdoors,"Upgrade your routine with the Yoga Mat Non-Slip, built with 6mm thickness, eco-friendly tpe material, carry strap included. A reliable choice in sports & outdoors designed for everyday use."
Pet Grooming Brush,"Self-cleaning, stainless steel bristles, ergonomic handle",Pet Supplies,Pet Grooming Brush - Self-cleaning | Pet Supplies,"Upgrade your routine with the Pet Grooming Brush, built with self-cleaning, stainless steel bristles, ergonomic handle. A reliable choice in pet supplies designed for everyday use."
Portable Phone Charger,"10000mAh, dual USB output, fast charging",Electronics,Portable Phone Charger - 10000mAh | Electronics,"Upgrade your routine with the Portable Phone Charger, built with 10000mah, dual usb output, fast charging. A reliable choice in electronics designed for everyday use."
